ID,default payment next month
6042,0
22681,0
6364,1
8332,0
19360,0
28881,1
27966,0
18888,0
18168,0
13680,1
26010,0
14930,0
3982,0
19032,0
20680,0
17441,1
22359,0
15858,0
13592,0
9422,0
11706,0
21853,0
21404,0
579,0
20101,1
3189,0
849,1
9717,0
4022,0
3946,1
3022,0
18521,0
1344,0
11560,1
22912,0
4651,0
12777,0
29257,0
3438,0
15788,0
2040,0
4822,0
21855,0
20118,0
8133,0
17868,0
17117,0
27727,0
21912,0
21663,0
6080,0
2591,0
8449,0
28197,0
2646,0
22694,0
27111,1
8555,0
20445,0
351,0
7034,0
21287,0
16361,0
5181,1
26945,0
24669,1
12891,0
8186,1
24803,0
7363,0
8425,0
20860,0
1307,0
7959,0
19361,1
25169,0
18447,0
6624,1
4288,0
12032,0
15742,0
8090,1
24048,0
19588,1
8367,0
1564,0
4710,0
29176,0
14382,0
25723,0
46,1
10907,0
14884,1
1772,0
4548,0
24606,0
17485,1
13271,0
13525,0
5215,0
11320,1
27493,0
4527,1
25360,0
23325,0
17675,0
2434,0
27629,0
2164,0
19216,0
20234,0
13687,0
12173,0
3712,0
13644,0
24750,0
19178,0
12913,1
27848,0
25082,0
16033,0
28622,1
24538,0
17733,1
4540,0
4964,0
16566,0
24031,0
1122,1
11733,0
3906,0
27383,0
4345,0
11703,0
27658,0
9439,0
20903,1
24822,0
2091,0
15143,0
8811,1
6214,0
25089,0
9274,0
22533,0
1469,0
20021,0
9080,0
3229,0
8928,0
25069,0
1816,0
15772,0
13253,0
2599,0
10979,0
5769,0
25329,0
5731,0
589,0
680,0
29922,1
14633,0
7704,0
28325,0
13262,0
26268,0
1675,0
11041,1
28808,0
22335,0
4888,0
14351,0
16302,0
15893,0
22954,0
15967,0
28626,0
16004,0
7332,1
12493,0
21036,0
22562,0
3492,0
3566,1
22330,0
10125,0
5222,1
20505,1
21117,0
28768,0
12239,1
876,0
24870,0
2449,0
26451,0
18224,0
1124,0
497,0
16750,0
16356,0
18619,1
25090,1
19570,1
27889,0
26046,0
25335,0
17942,0
5709,0
28744,0
24402,0
4340,0
11210,0
18736,0
21547,0
5210,0
718,1
3029,0
4975,0
23401,0
12707,0
24939,1
12125,0
4585,0
10456,0
13881,1
18366,0
19575,0
24556,0
3247,0
1572,0
25569,0
29237,1
14010,0
15801,0
29178,0
4937,0
18694,0
26577,0
28177,0
10313,0
4528,1
2350,1
22528,0
19664,0
16055,0
5286,0
22715,0
1420,0
11347,0
4596,0
4749,0
9586,0
6138,1
29040,0
1730,0
2295,1
12552,0
27713,0
14449,0
3374,0
13460,0
14760,0
26045,0
13634,0
1065,1
21321,0
27010,0
17059,1
14205,1
4036,0
29654,0
19231,0
24608,0
5850,0
16758,0
1395,0
21128,0
4468,0
23618,1
13594,0
24490,0
27419,0
28531,0
9249,0
3089,0
16186,0
23238,0
26527,0
29000,0
12259,0
29859,0
10307,0
16307,0
12576,0
24893,0
27096,0
25909,0
11868,0
27194,1
29145,0
11044,1
6647,0
16928,0
12817,1
25109,0
2155,0
10074,0
15201,1
5308,0
5129,0
8290,0
291,1
2423,0
2521,0
13777,1
1599,0
12305,0
8249,1
25106,0
220,0
28659,0
9616,0
25394,0
14605,0
15354,0
22880,0
13276,0
2779,1
23643,0
10967,0
28786,0
16498,0
17501,0
27620,1
1527,1
6694,0
6109,1
13797,1
16947,0
20936,0
16344,1
16181,0
28590,0
3813,0
16955,0
17329,0
3225,0
21256,0
29925,0
18114,1
13807,1
16386,0
21386,0
29794,1
3023,0
25753,0
3101,1
18384,1
782,0
823,0
20875,0
3326,1
26051,0
13082,1
12249,0
18952,1
16306,1
19587,0
7731,0
19805,0
620,0
4074,0
19669,0
19981,0
250,0
19847,0
10695,0
5610,0
19273,0
28699,0
9536,0
13905,1
4846,1
11527,0
28793,0
26581,0
12006,1
10931,0
8557,0
15859,0
9934,1
23596,0
29274,0
25836,0
20486,0
11752,1
420,1
29227,0
10999,1
19020,0
8199,0
25163,1
24881,0
4912,0
26020,0
8540,0
28304,0
22259,0
29640,0
8131,0
11972,1
23836,0
1176,1
3042,0
875,0
7841,0
12229,0
16840,1
16991,0
19700,1
5076,1
16604,0
7009,0
15900,0
3332,0
10846,0
15867,0
8616,0
22603,0
6738,0
20414,0
10629,1
10399,0
11573,0
25418,0
19438,0
17851,0
8140,1
5265,0
12350,0
22189,0
25486,0
23309,0
5543,0
11389,1
24916,1
8210,0
5831,0
29668,1
16436,0
17849,0
7561,1
28616,0
16061,0
23975,0
2568,0
25221,0
3126,0
22241,0
27728,1
21608,0
8392,0
3304,0
15005,0
20363,1
17532,0
6236,0
12674,1
22434,1
15251,0
29290,0
9591,0
15656,1
16323,1
10500,0
5806,0
18414,0
29467,0
17924,1
10830,0
21481,1
19102,1
13209,0
4212,0
14224,0
24692,0
21352,0
10082,0
13955,0
4448,0
21442,0
29163,0
18260,1
1102,1
7265,1
12351,0
25774,0
1500,0
2613,0
9688,0
27160,1
9427,0
16747,0
9378,1
29800,1
11003,0
24358,0
18349,0
28532,1
1332,0
21085,0
5281,0
23265,0
23851,0
18140,0
19072,0
19699,0
7135,1
18300,0
12676,0
13226,0
13820,1
17786,0
21873,0
13044,0
10834,1
16856,0
10299,0
6193,0
10634,0
17555,0
26171,1
26502,1
28285,0
23172,0
25301,0
4636,0
9371,1
10807,0
1330,0
2576,0
16995,1
26062,0
2236,0
3032,0
15084,0
18705,0
13367,0
23103,0
21468,0
8028,0
1638,0
5360,0
4806,0
3090,0
19589,0
29325,0
6789,0
8613,0
10191,0
24183,0
3219,0
3298,0
6196,0
24366,0
27054,1
16121,0
10646,1
22395,0
317,0
17352,1
2100,1
21854,1
12915,0
17576,1
14905,0
13306,1
25841,0
358,0
4562,0
5454,0
6406,0
18598,0
18483,0
28319,0
25258,1
6514,0
4454,0
2028,0
22358,0
22084,1
3162,0
12903,0
10874,1
2772,0
16987,1
18741,0
23284,0
21705,0
26402,0
6203,0
29358,0
3759,1
24187,0
28087,0
9554,0
29790,0
29472,0
19834,0
6725,0
4475,0
27915,0
23023,0
19585,1
7998,0
11679,0
17456,0
13379,0
27943,0
26680,0
8597,0
24486,0
28042,0
16003,1
25999,0
10889,0
27450,0
16984,0
19989,1
17222,0
3974,0
5641,0
11854,0
1832,0
2110,0
16716,0
20912,1
27406,0
21156,0
29586,1
12978,0
13049,1
13884,1
13041,0
14474,0
13895,0
14372,0
3773,0
15166,0
16384,0
23388,1
400,0
3558,0
17126,0
14137,0
22128,0
26382,0
3668,0
28529,0
10710,0
10507,1
956,0
28334,0
29231,0
18507,0
23872,0
27117,0
20793,0
24469,0
2120,0
24188,0
602,1
26529,1
13088,0
13851,0
8926,1
6664,0
29762,0
26232,0
29446,0
6237,0
9203,0
18233,0
13236,1
22339,0
12112,0
26884,1
17984,0
23300,0
24851,0
16586,0
14739,0
4387,0
24356,0
22331,0
19964,0
18938,0
23691,0
2960,0
16065,0
14800,0
4338,0
12794,0
7433,0
20565,0
21600,0
23911,1
697,0
23056,0
24627,1
20228,0
23337,0
10321,0
19098,0
19995,0
2717,0
756,0
14047,0
19953,0
13105,0
15175,0
10200,0
22354,0
21528,0
27551,1
18268,0
26918,0
29499,0
23393,0
2308,0
28162,0
13137,0
23898,0
29546,1
25235,0
20902,0
3337,1
17029,0
29414,1
23225,0
21917,1
21699,0
14279,1
21776,0
24289,0
23197,0
19843,0
24860,0
13696,0
10928,0
11582,1
6936,0
25670,0
18784,0
22840,0
20364,1
3233,0
22690,0
10865,0
2886,0
13802,0
27712,0
21843,0
28972,0
24390,0
18093,1
23834,0
25375,0
29340,0
13022,1
6644,0
18108,0
19706,1
9833,1
23025,0
24572,0
27590,1
3218,0
23419,1
8699,0
18462,0
15117,0
15003,0
15073,0
27872,0
7506,1
9137,0
6233,0
16209,1
27210,1
25609,1
17260,0
23028,0
28347,0
2220,1
1506,0
12277,0
12213,0
955,0
4978,0
20316,0
26739,1
4229,0
19054,1
17866,0
26986,0
12109,0
3387,0
19018,0
3188,1
16464,1
1213,1
11042,0
24395,1
24225,0
20821,0
8568,1
1540,0
18532,0
28517,1
13629,0
8992,1
4769,0
20504,0
15385,0
20955,0
16626,1
18354,0
1630,0
12960,0
21150,0
23011,1
11719,1
29941,0
20465,1
19628,0
8967,1
13766,0
17780,0
485,0
2781,1
17592,0
17116,0
6484,1
15064,0
8820,0
19660,1
29992,1
20845,0
14509,0
13439,0
7924,0
28269,0
22343,0
131,0
21955,0
18573,0
23366,0
15951,1
28062,1
20242,0
5675,1
566,0
11615,0
14622,0
25505,1
27377,0
22731,0
16244,1
5069,1
2216,0
2925,0
6545,0
24282,0
211,0
9102,0
4865,0
13804,1
2056,1
2146,0
10360,0
20554,0
27857,0
9315,1
21827,0
22854,0
19796,0
29511,0
4191,0
16409,0
4660,1
18014,0
9646,0
19195,0
9603,0
7172,0
5009,0
17152,0
18927,0
20024,0
1648,0
15460,0
21969,0
13302,0
17920,0
7491,1
3903,0
9076,1
25620,1
3997,1
7857,1
16530,0
20418,0
10227,0
13052,0
15484,0
20596,0
21530,0
15328,0
15717,0
29914,0
6619,0
28967,0
25760,0
20371,1
28924,0
54,0
28115,0
3168,0
27903,0
18100,1
11066,0
2019,0
24096,0
772,0
16945,0
16639,0
6636,1
6455,0
15829,0
22936,0
19603,0
13983,0
24999,0
10563,0
22303,0
2720,0
5900,0
7508,0
27178,0
13950,0
7483,0
16532,0
11880,0
1966,0
19523,1
24874,1
14841,0
8394,0
27894,0
386,0
5733,0
1325,0
3282,0
14631,1
1299,1
4561,1
9655,0
18739,1
12117,0
5924,0
16416,0
10829,0
1556,1
19405,0
5535,1
13166,0
24818,1
22894,1
6810,0
28646,0
14355,1
7416,0
22851,0
11376,0
3389,0
11951,0
13445,1
28017,1
27046,0
4824,0
7178,1
8757,0
17301,0
19818,1
24465,0
9697,1
8677,0
17995,0
16684,1
6807,1
23842,0
17957,0
5643,0
9205,0
21126,0
9789,0
10041,0
16555,1
6597,0
3803,0
21538,0
20051,0
12586,0
3462,0
8171,0
15849,0
23602,0
215,0
15298,0
19639,0
29676,0
21810,1
25610,0
27976,0
14955,0
26291,0
4507,0
4677,0
28059,0
5631,1
28362,0
10703,0
5985,0
10878,0
23867,0
21130,0
1415,0
3698,0
24882,0
194,0
5549,0
9089,0
21793,0
16951,0
6842,0
29931,0
2288,0
1591,0
2649,0
8867,0
1021,0
25432,0
128,1
6026,1
23965,0
11542,0
25001,0
21666,0
27710,0
8417,0
8525,0
16071,0
27593,1
4994,0
20890,1
1822,0
423,0
16944,0
14499,0
19272,0
12016,1
10204,0
4045,0
1356,0
18509,1
28885,0
4303,0
21200,0
976,0
7530,0
27800,1
3105,0
26605,0
20392,0
20142,0
9131,1
26769,1
2206,0
3550,0
28259,0
6137,0
12726,0
9803,0
5746,0
6170,1
5979,0
8535,1
20512,1
22970,0
13304,0
29480,0
25777,0
18934,0
29802,0
28720,1
8929,0
8884,1
2064,0
17159,0
16588,0
6113,0
22677,0
290,0
6782,0
14470,0
7875,0
17460,0
15369,1
25662,0
13196,1
19461,0
9333,0
28560,1
1847,0
21695,0
25658,0
18157,0
9391,0
11015,0
6172,0
2000,0
20966,0
4997,0
1005,1
3435,1
1870,1
21173,0
13468,0
7532,1
18380,0
6499,0
16354,1
19729,0
23810,0
25761,1
12461,0
19389,0
10955,0
23670,0
8458,0
27909,0
27996,0
12691,0
2579,0
18624,0
6752,1
20206,0
11574,0
791,0
18017,0
23680,0
5523,0
2342,0
17657,0
1625,0
19346,0
4889,0
18823,0
24195,0
19254,0
21158,0
15176,0
26242,0
1592,0
26089,0
27184,0
16863,1
28292,0
17943,0
27751,0
3557,0
23718,1
4982,1
1366,0
3052,0
25474,0
2706,0
18878,0
26550,0
14108,0
850,0
16252,0
28029,1
25998,0
2261,0
8184,0
981,0
23818,1
7156,0
18511,0
13134,1
10149,0
10540,1
16596,1
17187,0
8580,0
28873,0
25043,0
11896,0
18939,0
21040,1
10289,0
24441,0
5608,0
22518,0
4955,0
13945,0
7464,0
25105,0
13312,0
15835,1
7270,0
9888,0
19319,0
15934,0
17107,1
20109,0
5863,0
22635,0
23796,0
21542,0
9909,0
26888,0
11753,0
6635,0
5411,0
22675,0
24693,0
2477,0
24357,0
29395,0
7365,1
25297,0
23290,0
1518,1
993,0
746,0
2446,1
493,0
4304,0
2478,0
8979,0
20689,0
26347,1
6849,0
21157,0
19760,0
14233,0
23825,0
12575,0
20650,0
22521,1
5790,0
22789,0
17938,0
20226,0
25313,1
28933,1
13763,0
11859,0
198,0
7999,0
8892,1
5386,0
18850,0
18541,0
24884,0
27522,0
6997,0
1598,0
4132,0
28061,0
8554,1
3240,0
1905,0
25899,0
4232,0
21769,0
1850,1
20326,0
1562,0
25191,1
26523,0
9838,0
11739,1
14422,0
2904,1
4481,0
24621,0
25435,0
11272,0
14846,0
27298,1
7966,1
12884,1
1670,0
24545,1
26303,0
16442,0
10194,0
16148,0
8876,0
611,0
7344,0
2215,0
23464,1
13353,0
6814,0
23963,0
20166,0
23516,0
17975,0
16553,1
27056,0
9642,0
18203,0
1653,0
26548,0
13993,1
3924,0
231,0
8456,1
20508,0
11603,0
20043,0
25659,0
20479,0
26825,0
12211,0
18724,0
27920,0
4853,1
1188,0
9700,1
26937,1
20443,0
18306,0
6310,0
27835,0
12708,0
12757,0
2173,0
28124,1
2554,0
3981,1
14616,0
21272,0
11991,0
23485,0
1285,0
19538,0
15308,0
26003,0
15417,0
17533,0
22839,0
21210,0
4741,0
25517,0
13608,0
22684,0
7990,0
329,0
1422,0
14260,0
9175,1
14911,0
9126,0
2294,0
12781,1
28423,0
24363,0
20374,1
20557,0
2462,1
27162,0
25567,0
7747,0
29591,1
3083,0
2440,0
5155,0
22958,0
5673,0
10192,0
25127,0
27770,0
14752,0
13713,1
11656,0
19686,1
18520,0
2277,0
9228,1
24254,0
25424,0
28327,0
6077,1
20576,0
14825,1
27238,0
29011,0
8196,0
8158,0
25003,0
907,1
11718,1
16730,1
27335,0
3734,0
6072,0
15918,0
24397,1
10908,1
27306,0
4266,0
11181,0
284,0
17371,0
29737,0
22878,0
18567,0
24143,0
9981,0
21387,0
29479,0
23462,0
5223,0
11264,0
23255,0
3072,1
16877,0
28697,0
6186,0
12345,1
10259,0
16527,0
28634,1
27402,0
16556,0
20923,1
19055,0
18476,0
15127,1
8239,1
27241,0
700,0
23781,0
42,0
5921,1
9742,0
9614,1
14706,1
10314,0
11780,1
26388,0
5854,1
910,0
6467,0
5566,0
26635,0
2780,0
18580,0
3151,1
18585,0
11103,0
11900,0
13372,0
21597,0
3371,1
23302,0
18134,1
3394,0
14153,0
1263,0
26632,0
26999,0
26413,0
21498,0
3366,1
1626,1
19667,0
22255,0
21533,1
28278,0
5317,1
11035,1
942,0
21647,1
14274,0
28829,0
20034,0
6012,0
109,0
9057,0
22599,0
20134,1
26179,0
27252,0
3880,0
3579,0
23581,0
15965,1
373,0
12485,0
15518,1
20841,0
3192,1
4810,0
14385,0
1737,1
8780,0
15830,0
1400,0
28310,0
2681,0
6215,0
25147,1
14818,0
15146,0
15107,0
23102,0
776,0
25064,1
19532,0
8515,0
23853,1
20457,0
29405,0
9336,0
18950,0
21100,0
23075,0
9271,0
23905,1
26462,0
6952,1
14687,0
10070,1
18629,0
13046,1
8620,0
11566,0
108,0
20882,0
21775,1
5282,1
18832,0
19509,0
9098,0
25252,0
16217,0
19831,0
842,0
27311,0
18165,1
23741,0
6951,0
18061,0
28399,0
23307,0
5546,0
16145,0
9301,1
23767,0
13390,0
29370,0
15773,1
22907,0
25083,0
20612,1
1595,0
17384,0
15935,0
22116,0
20628,0
18221,0
27896,0
27146,1
9914,0
18360,1
17624,0
27975,0
5552,0
13189,1
24186,1
2485,0
12422,0
19637,0
24168,1
22313,0
20770,0
6689,0
19705,0
20009,0
29768,0
9654,0
11102,0
3164,0
8651,0
20069,0
3718,0
19539,0
1776,1
11897,0
5362,0
22311,0
26643,0
15744,0
5428,0
20804,1
23339,0
26149,1
29241,1
23949,0
7309,0
9351,0
29441,0
13273,0
21928,0
14964,0
18143,1
10375,0
7979,1
21083,0
23969,1
4322,0
2807,0
21306,0
3049,0
6006,0
11188,0
1801,1
13267,1
29684,0
10858,0
26641,1
25813,0
23327,0
11386,0
13080,1
3794,0
4547,1
27955,1
8097,0
18574,1
19547,0
23586,0
22568,1
26248,0
16964,1
7114,0
69,0
29930,1
9945,0
9621,0
7014,0
14062,0
19100,0
21445,0
1103,0
29503,0
13549,1
23295,0
22109,0
5173,0
1701,0
6331,0
19636,0
11288,0
24553,0
2337,1
1197,0
16959,0
12246,0
22277,1
7941,0
28125,0
16332,0
26418,0
24937,0
159,1
6224,0
10885,0
2974,0
7849,1
6631,0
20513,0
1011,0
4433,0
9361,0
7917,0
18296,1
25037,0
18909,0
25194,1
20227,0
20177,0
7271,1
11946,0
1624,0
21311,1
26893,0
18283,0
2370,0
22200,0
1551,1
7940,1
7040,0
29678,0
27701,0
2143,1
5527,0
21467,1
24077,0
20383,0
16792,0
8905,0
11534,0
4490,0
16092,1
26022,0
12504,1
14091,0
15941,0
15860,0
28891,0
7390,0
26840,0
21870,0
9548,0
6723,0
10877,1
2630,1
7876,0
19915,0
13132,0
23880,0
3381,0
14442,0
17243,0
14714,0
1687,0
20252,1
273,1
15142,0
7960,0
28027,0
20114,1
13704,0
13574,0
8108,0
24364,0
2874,0
22252,0
5287,1
23233,1
4474,0
28771,1
2817,0
5134,0
21022,0
5396,0
23060,1
7488,0
8683,1
16783,1
19912,0
15850,0
20036,0
10993,0
18811,0
27352,0
1882,1
24756,0
11787,0
24936,0
29285,0
28843,0
3711,0
12400,0
4721,0
20015,0
18184,0
462,0
6783,0
7268,0
21057,1
28291,0
2754,1
20329,0
1257,0
7636,0
9947,1
14012,0
25283,0
19646,0
12509,1
28128,0
27790,0
8792,0
2577,0
27811,0
29314,0
24648,0
5737,1
7107,0
19491,0
4233,0
2956,0
29730,0
22130,0
14433,0
17192,0
21343,1
8323,0
20372,1
11404,0
9265,0
12585,0
20180,0
5457,0
9443,0
15212,0
9008,0
17896,0
12457,1
8776,0
27850,0
28194,0
20818,0
24177,0
6633,0
16451,0
13873,0
19726,0
10493,0
29934,0
2614,0
28360,0
7918,0
10262,0
24214,0
9948,0
27242,0
19492,0
22532,0
21914,1
1987,0
16842,0
28141,0
21250,0
28382,0
22031,0
16851,0
4514,0
22321,0
9620,1
13527,1
14753,0
1450,1
4105,1
16738,0
8673,0
17444,0
14147,0
16881,0
29124,0
18008,0
6758,0
29208,0
6958,1
3704,0
23460,0
748,1
22619,1
9397,0
10953,0
22838,0
803,0
29769,0
22801,0
2580,1
20405,0
1033,1
2663,0
3863,0
1541,1
24492,0
15352,0
22761,0
4932,1
13284,0
777,0
19313,1
4688,0
2638,0
21578,0
27421,0
21962,0
1495,0
7653,0
12821,0
21182,1
24584,1
22032,0
7942,0
13126,0
8473,1
15209,0
7980,0
28994,1
29981,0
28307,0
20035,0
11939,1
17446,1
14341,0
14650,1
8913,0
7823,0
702,0
7676,1
19474,0
20705,0
20488,0
1563,0
23407,0
19963,0
28056,0
655,0
9343,0
8389,1
10843,1
1996,0
16507,1
21069,0
13179,0
23406,0
7794,0
1907,0
4796,0
7641,0
2668,0
16542,1
21349,0
17841,1
27429,1
2319,1
9257,1
21649,0
24534,0
27981,0
26249,0
19583,0
2946,0
13151,0
10350,1
29481,0
25328,0
4176,1
26215,0
28638,1
4055,0
18248,0
2107,0
14074,0
19775,0
1319,0
6345,1
4028,0
22062,0
21581,1
13813,0
15109,0
958,1
19026,1
27707,1
20189,0
25934,1
8930,1
3802,0
3339,0
15721,0
17540,0
22337,0
5878,0
26966,1
12642,0
15089,0
17691,0
23477,0
27349,0
8083,1
11394,0
15840,0
10728,0
23080,0
6495,0
15469,1
8818,1
15776,0
24975,0
16852,0
9874,0
12983,0
29432,0
820,0
24059,0
6387,1
20085,0
25450,0
15819,0
9388,0
28435,0
20521,1
15496,0
11326,0
6581,0
6944,0
9692,0
21556,1
9145,0
7780,0
14459,0
19643,0
13555,0
1206,1
6431,0
25811,0
13972,0
27724,0
226,0
13201,0
13214,0
21555,0
22931,0
18178,0
27189,0
28692,0
23954,1
6557,1
18528,0
14360,0
2542,1
26997,1
5890,0
18066,0
15704,0
3538,1
18791,0
24478,0
28045,0
16473,0
22151,0
22306,0
4973,0
24155,1
5131,0
16584,0
20157,0
12930,0
24542,0
10331,1
6257,0
12926,0
23916,0
1585,0
15889,0
3463,0
1900,0
13761,0
1175,1
8800,0
22745,1
29770,0
21612,0
18403,0
12854,0
18334,0
7205,0
7881,1
22753,0
12733,0
26965,0
2516,0
13076,0
19763,0
26642,0
19144,0
28792,0
4505,0
20583,0
22196,0
16992,1
3078,1
11408,0
10758,0
15576,1
1937,1
5014,0
28726,0
27558,0
9284,0
22431,0
10520,0
16548,0
28711,0
12895,1
16479,1
16486,0
17100,0
11431,0
29346,1
4544,0
1147,1
21493,0
22545,1
9445,0
21999,0
21794,0
10903,0
21599,0
21377,1
10598,1
23347,0
12392,1
26299,0
8877,0
3854,0
24495,0
17151,0
15997,1
26048,0
2774,0
12071,1
19572,0
5293,0
24950,0
17734,0
9769,1
1724,0
1007,0
2023,0
15423,0
8989,1
16832,1
21248,0
8114,1
10020,1
27927,0
15750,0
8739,0
2505,0
2011,0
11512,0
9611,0
2280,0
13909,0
10280,0
15863,1
12417,1
1560,1
1397,1
8222,1
23040,1
5923,0
22812,0
6526,0
11117,0
27596,1
12740,0
4827,0
19535,0
14806,0
26931,1
12918,1
8743,0
5943,0
26816,0
15727,1
33,0
17287,0
899,1
5190,0
13846,0
22238,0
27871,0
19081,0
9310,0
2687,0
28877,0
7290,0
29993,0
27951,1
9259,0
17528,0
19758,0
22826,1
22507,1
9594,1
26378,0
8759,1
5435,1
29094,0
27454,1
28623,0
14708,1
21940,0
26522,0
18761,0
18967,0
2546,1
22952,0
16079,1
26798,0
6584,1
24955,0
3738,0
27798,0
25314,0
29982,0
2097,1
10169,0
26161,0
12701,0
647,1
8687,0
12931,1
9562,0
19732,0
27982,0
21797,0
2495,1
4138,0
9387,0
4620,0
9993,1
13037,0
29740,0
17788,0
21055,0
25593,0
7170,1
6379,1
11979,0
1918,0
13351,0
388,1
15844,1
11355,1
13142,0
7663,1
4675,1
24241,0
10924,1
12938,0
14162,1
23894,0
24681,0
29096,1
28554,0
17369,0
7639,0
6461,0
24480,0
13500,0
25676,0
1467,1
26007,1
29038,0
5385,0
5994,0
26730,0
10613,0
27308,0
15979,1
27907,0
20264,0
1985,0
2824,1
4373,1
1199,1
1151,0
6607,0
2938,0
15370,0
28579,0
22750,0
29613,1
20589,0
28328,0
28338,0
10612,0
18588,0
10761,0
8907,0
3731,0
53,0
19554,0
21367,0
19008,0
13789,0
29672,0
17803,0
575,0
22759,0
11511,0
16649,0
19418,0
14948,0
7041,0
15925,1
25150,0
29717,1
9564,0
20621,1
24019,0
3451,1
21835,0
29771,1
4381,0
17850,0
8262,0
22256,0
3812,1
13806,0
2942,0
25603,0
19822,0
15061,1
6251,0
206,0
22734,0
13793,0
4221,0
3428,0
2255,0
20813,1
28039,1
14058,0
176,1
21693,0
6586,0
18966,0
1466,0
12911,0
8438,0
11080,0
25539,0
10030,0
23897,0
1051,0
21482,0
8844,0
23139,0
9818,0
21856,0
21817,0
26725,0
3899,1
15911,0
18565,0
24769,1
25133,0
14901,0
21091,0
19882,0
9095,0
29141,0
25577,0
18350,1
26578,0
25487,0
6412,0
17900,0
9115,0
25428,0
18928,1
9352,0
1812,0
13762,0
2562,0
18332,0
28173,0
29411,0
15132,0
26820,0
9180,0
21767,0
264,0
7049,1
19830,0
29254,0
28935,0
22283,0
8135,1
21919,0
5093,0
22818,0
25951,0
13524,0
28164,0
3879,1
27373,1
15954,0
20093,0
760,0
25186,0
20442,0
24979,0
20562,0
21002,1
15154,1
26785,1
7414,0
9850,0
15474,0
11617,1
10421,0
20210,0
8588,0
3651,0
5627,1
13599,0
22319,0
9608,0
9470,0
22209,0
11743,0
6506,1
11801,0
18429,0
18879,0
3325,0
16796,0
5468,0
13459,1
14347,0
8347,0
6447,0
27262,0
14933,0
22284,0
4943,0
19808,0
21690,0
19010,0
21203,0
20745,1
5405,1
18431,0
18105,0
2390,0
11547,0
22807,0
4717,0
12535,0
248,0
14186,0
7293,0
4757,0
19852,0
23909,0
26876,0
834,0
27321,1
29780,0
21350,0
10864,0
24431,0
14638,1
5138,0
8741,0
16417,0
5846,0
15892,0
13897,1
16512,1
12870,0
15120,1
25531,1
6962,0
12826,0
27310,0
28939,0
3837,1
2413,1
28203,0
20617,0
26323,0
8607,1
15589,0
11432,1
13328,0
22787,1
21324,0
26039,0
2068,0
28890,0
29880,0
12952,0
11774,0
17837,1
2242,1
15998,0
14680,0
27236,0
973,1
28772,0
20611,0
22440,0
18290,0
3181,0
17061,1
20245,0
28896,0
12883,0
6434,0
598,0
7481,1
29863,1
17573,0
29521,1
2519,0
6968,0
6779,0
27740,1
29151,1
5208,0
14791,0
24847,1
24232,0
3476,0
5401,0
22721,0
23903,0
28199,0
27806,0
18079,0
13922,0
1828,0
18222,1
5338,1
28095,0
10508,1
12657,0
221,1
27533,0
11362,1
25481,1
14450,0
12846,0
18766,0
8622,0
23285,0
8115,0
15755,0
23063,0
18759,0
5679,0
18195,0
25246,0
6487,1
17252,1
4491,0
29532,1
2799,0
5466,0
3916,0
6306,1
10205,0
13833,0
11688,1
25925,0
4503,1
28820,0
21001,0
24051,0
9670,0
22445,1
2335,0
1024,0
19501,0
14593,0
11407,0
10480,0
20724,0
1803,0
21222,1
12914,1
19518,0
6778,0
8971,0
27386,0
28044,0
29233,0
17111,0
21777,0
3832,0
16788,1
11224,0
20681,1
19376,0
19715,0
13620,1
24116,0
12224,1
5188,0
29326,0
29189,0
1266,0
4023,0
21786,0
13731,1
20590,0
19356,0
25321,0
4801,0
7084,0
3134,1
6634,0
7225,0
8075,0
24615,0
12798,0
6902,0
4609,0
15933,0
15186,0
21066,0
576,1
28092,1
2112,1
9978,0
29104,0
27458,1
4319,0
24546,0
1764,0
12824,0
12111,0
16011,0
28222,0
22771,0
13624,1
894,0
12516,1
1866,0
29814,0
26718,0
1831,1
11409,0
9141,0
5940,0
22906,0
15184,0
201,0
24666,0
3936,0
4604,0
17128,0
18768,0
28762,1
19514,0
4227,1
5060,0
26768,0
26765,1
9170,0
2293,1
149,0
23816,0
11863,1
9807,0
12340,0
28619,0
2733,0
18052,0
1302,1
26307,0
11878,0
2013,1
1086,0
23345,0
20130,1
4630,0
26942,0
2858,0
17314,0
2321,0
1294,1
23459,0
21535,0
6208,0
13526,0
19511,1
17082,0
13880,0
11963,1
24423,0
10396,0
29267,0
2264,0
8664,0
28714,0
23105,0
27013,0
2118,1
14492,0
23452,0
6439,0
16012,0
10384,0
3365,1
5440,0
15980,0
143,0
8225,0
730,1
19821,1
8883,0
22741,1
25344,0
5914,0
16373,0
14934,0
13094,0
15470,1
3739,1
10913,1
7098,0
25348,0
15122,0
1192,0
21140,0
24535,1
28138,0
15751,0
11853,0
24304,1
26715,0
3990,1
18600,0
28853,0
26465,0
21129,0
12228,0
10632,0
25035,0
22728,1
3762,0
12242,0
28600,0
4193,1
27911,0
13842,0
25387,0
8951,0
15608,0
28588,0
13860,0
21800,0
18193,1
23377,0
3392,0
23923,0
20644,0
15437,0
24447,0
27312,0
26135,0
23887,0
19311,1
6181,1
24747,0
11106,1
22273,0
2142,0
16389,0
23338,0
15258,0
12950,0
4234,0
8450,0
16672,0
11655,0
3103,0
1902,0
13283,0
7753,1
14945,0
22857,0
7398,1
8419,0
24782,1
18425,0
26753,0
12583,0
18277,0
22749,0
24814,0
10328,0
14621,0
12973,1
24410,1
11852,0
2723,1
16443,0
6343,0
1132,0
1117,1
10736,0
5433,0
1512,0
18704,0
15034,1
6911,0
23224,0
19206,0
8611,0
16919,0
663,0
28528,0
11521,0
10558,0
26140,0
29042,1
7017,1
1716,0
10430,0
29439,0
15802,0
28361,0
180,0
8376,0
9891,0
1474,0
3755,0
19894,0
24505,1
18145,0
9547,0
2655,0
27154,0
5755,1
27931,0
10122,0
24108,0
26169,1
25425,0
3735,0
1090,0
3964,1
25530,0
19284,1
16511,0
1,1
8798,1
7770,0
27704,1
17136,0
27000,0
29660,0
25459,0
5079,1
24948,0
29763,0
16075,0
26107,0
19143,0
152,0
22740,0
13358,0
12536,0
15781,0
28663,1
10652,0
25104,0
25935,0
13613,0
16547,1
14720,0
17738,1
25843,0
15880,0
23359,0
17263,0
13334,0
3943,0
21736,0
27673,0
28207,1
18018,0
23201,0
25278,0
12995,0
10661,0
4165,0
24852,0
25121,0
13113,0
26383,0
24789,0
7591,0
21462,0
29183,0
11923,0
5729,0
15895,0
1899,0
6384,0
186,1
26906,0
20640,1
2343,0
7933,1
1345,1
3953,0
4645,0
18311,0
29598,0
14028,0
13959,0
197,0
16638,1
9195,1
6015,1
29652,1
817,1
1891,0
21484,0
17214,1
20519,1
2936,1
22626,0
3310,0
23415,0
24664,1
1374,0
5008,0
18763,0
29593,0
21345,0
26066,0
9323,0
22720,0
28718,0
7681,0
18890,0
11567,0
19826,0
8980,0
10814,0
11253,0
11225,1
6145,0
19751,1
17202,1
8130,0
9827,1
13892,0
20286,0
17074,0
27514,0
28612,0
3117,0
7143,0
3580,0
623,0
205,0
20906,0
20438,1
7971,0
18129,0
4095,0
20581,0
23199,0
5843,0
1509,0
5796,0
7378,0
25175,1
23451,0
5389,1
12688,0
11745,1
11640,1
10895,0
15448,1
13250,0
10468,0
19858,0
6700,0
28389,0
29240,0
21974,0
2898,0
13675,1
378,0
20677,0
8864,0
14480,0
12599,0
5031,1
18179,0
15438,0
11917,0
24834,0
11132,1
22962,0
28300,0
26707,1
636,0
22772,0
17205,0
27507,1
10514,0
20032,0
11892,0
20926,0
19454,1
27547,0
28206,1
23141,0
513,0
5810,0
17360,0
13429,0
10353,0
6167,1
23371,0
83,1
4443,1
4545,0
4734,0
4621,0
6154,1
2684,0
23368,0
9129,0
1876,0
22950,0
15,0
9854,0
19512,0
20992,1
26593,0
25687,0
12496,1
3254,1
21964,0
3787,0
8717,1
24815,0
3268,0
16325,1
24799,0
25700,0
4357,0
16281,0
2855,1
9278,0
24658,0
7286,0
20297,0
23604,0
28679,0
15756,0
11717,1
16155,1
20632,0
20502,0
23076,0
26576,0
15195,0
19579,0
23474,0
9607,0
5716,0
25268,0
19459,0
13816,0
17283,1
21522,0
27828,0
26400,0
9453,0
20225,0
15414,0
29661,0
2558,1
27379,0
5574,0
20099,0
898,1
7774,0
8296,1
25922,1
18454,1
10150,1
24898,0
5941,0
15264,0
23989,0
25766,0
11599,0
21648,1
14479,0
1070,0
311,0
5186,0
6055,1
20852,1
18779,0
17891,0
20510,0
16591,0
27878,0
21982,1
21536,1
19241,0
12880,0
4586,0
15663,0
8493,1
13699,0
25296,0
6456,0
14018,1
18859,0
9500,0
6848,0
24597,1
27709,1
8773,1
29854,1
21317,0
19749,0
1855,0
1235,0
21849,0
29112,0
27530,0
22276,0
23991,0
20107,0
672,1
4202,0
15409,0
3175,0
9344,1
16885,1
21379,0
1407,0
23053,1
5557,0
21858,0
6391,0
16550,0
6089,1
26866,1
1967,0
8968,0
21847,0
15028,0
2933,0
14855,0
25565,0
11479,0
17212,0
13192,0
11930,0
10770,0
11966,0
24741,1
25747,0
28874,0
19771,1
28654,0
6131,0
8658,1
26193,1
26239,0
2157,1
3934,0
5688,0
8546,1
24417,0
22010,0
24879,1
1359,0
14957,0
27540,1
9750,0
2895,0
5376,0
6332,1
24240,0
19217,0
23376,0
4623,0
259,0
20949,0
7638,0
20246,0
310,0
24725,0
26574,0
17461,1
743,0
5883,0
6122,1
12772,0
25937,0
14847,1
9831,0
4365,0
28314,0
11658,0
23884,0
9304,0
23213,0
4178,0
16848,1
24942,0
14958,0
13671,0
9052,1
4395,0
23263,0
27837,0
20503,0
22795,0
12996,0
14415,1
29463,0
12260,0
19388,1
1688,0
29375,0
14913,1
8104,0
13929,0
26118,0
12273,0
23273,0
23441,0
15168,0
26565,0
3967,0
2794,0
7782,0
29701,1
24890,0
225,1
23590,0
23326,0
28166,0
28751,0
729,0
731,0
17361,1
21056,0
6295,0
29494,0
24322,0
28754,0
14465,0
29070,0
23594,0
17797,0
6656,0
22881,0
3571,0
9749,0
25826,0
29908,1
21318,1
21253,0
22157,0
11434,0
27031,0
8859,1
2084,0
17139,1
7269,0
22333,1
18773,1
19496,1
1141,0
17027,1
3553,0
1109,1
19863,0
25233,0
18946,0
5702,0
12955,0
8212,0
10867,0
26590,0
17952,0
18456,0
18981,0
26752,0
15999,1
4902,0
7921,1
4729,1
17639,0
5780,0
12761,0
28533,1
4331,0
1669,0
5563,0
16270,0
3931,0
2880,0
29641,1
1874,0
7660,0
27204,0
10637,0
20156,0
29114,1
8025,0
20367,1
14518,0
7086,1
3781,0
19968,0
18368,0
6793,0
11303,1
26194,0
24068,0
28312,0
11483,0
23778,1
17735,0
18343,0
26297,0
12104,0
4748,0
4706,0
18237,0
23072,0
256,0
3057,0
15814,1
13519,0
4352,1
16569,0
5735,1
24625,1
3890,0
20395,0
330,0
9829,1
27807,0
10847,1
20079,0
15431,0
20013,0
13729,0
17928,0
19561,0
6741,0
8936,0
24732,0
6855,1
28171,1
21052,0
22424,1
21998,0
20370,0
10564,0
4147,0
22656,0
10483,1
11119,0
22408,0
4484,0
20545,0
25720,0
3894,0
6819,0
21479,0
12997,1
25663,0
25918,0
20772,0
906,0
16720,0
27946,0
17404,0
19340,0
29719,0
3426,0
9489,1
22048,1
19077,0
14152,0
9716,0
16836,0
22724,0
8498,0
11315,1
17036,0
8602,0
8685,0
27753,0
4003,1
12208,0
17877,0
17720,0
17493,0
25269,0
26079,0
14669,0
12212,1
8243,0
17181,1
2853,1
15490,0
18071,0
17411,0
4394,0
5711,1
29948,0
13635,1
2338,0
8890,0
25807,0
22752,0
22676,0
9627,0
17948,0
8304,0
24932,0
8516,0
25990,0
17744,1
17163,0
14919,1
281,0
21948,1
2983,0
27997,0
11611,0
2637,0
15614,0
18622,0
13095,0
25028,0
5081,1
24670,0
11818,0
9477,0
893,0
21765,0
10466,0
2815,0
116,1
18544,0
29577,1
20704,1
10816,1
466,1
23203,0
28992,0
10550,1
120,0
23529,0
25239,0
2934,0
29507,0
13604,1
16629,0
16482,0
25190,0
11734,0
7900,0
1975,1
9442,0
22129,0
5030,0
14133,1
3096,0
3037,0
3263,0
27014,1
25631,0
18126,0
9212,0
12025,1
2349,0
11172,1
28556,0
11316,0
15105,0
16514,0
17097,0
4743,1
20524,1
21845,0
22855,0
1574,1
17423,0
22411,0
16585,1
14253,0
27564,0
28020,1
5577,1
2890,0
12528,0
13868,0
7128,0
25974,0
18413,0
11730,0
2357,1
4342,0
17196,0
1957,1
1636,0
643,0
12214,0
17548,1
21269,0
16620,0
10749,1
25492,0
28981,0
14477,0
26404,0
2915,0
21223,0
1244,1
14767,1
439,0
18907,0
7182,0
13200,0
140,0
20345,0
19301,0
5322,0
24276,0
21718,0
4350,0
19931,0
29491,0
24295,0
8726,1
2897,0
28108,0
12953,0
15454,0
18889,0
51,1
6216,0
29034,1
10987,0
18281,0
1006,0
5162,1
25345,0
11877,0
16890,1
18740,0
13686,0
8143,1
26337,0
15424,0
22037,0
1643,1
9922,0
22932,0
14914,1
9491,0
29624,0
23540,0
16056,0
13792,0
10918,0
5278,0
16713,0
246,0
19007,0
25993,0
18037,0
25975,0
12365,0
16241,0
217,1
12592,0
23879,0
14673,0
12254,0
18096,0
20887,0
26861,0
5964,0
28562,0
1699,0
4444,0
10690,0
19091,0
24909,0
22968,1
24908,1
14481,1
3060,0
16308,1
9493,1
1999,0
13492,0
2328,0
963,0
28072,0
18250,1
29248,1
10141,1
4390,0
26294,0
735,0
9517,0
1704,0
20649,0
2259,0
16124,0
14759,0
20497,1
20040,0
20862,0
2196,0
28982,0
7024,0
18359,1
18672,0
8895,0
25587,1
740,1
27042,0
4435,0
595,0
3585,0
3825,1
3608,0
15959,0
9986,0
961,1
84,0
16149,1
7003,0
7425,0
11689,0
29152,1
19827,0
22951,1
15579,0
7869,1
10614,0
2991,1
11267,1
12893,0
29747,1
21477,0
25613,0
15372,0
2200,1
9992,1
20707,0
736,0
12245,0
21438,1
200,1
8127,0
28088,0
6043,0
10937,1
24,1
28049,0
11514,0
9935,1
15157,0
4957,1
5855,0
27817,0
9191,1
29186,0
10753,0
21087,0
16414,0
27885,0
22561,1
27082,0
10929,1
9119,1
29946,0
21232,0
6765,0
12514,0
3555,0
14332,0
12848,0
12139,1
29228,0
691,0
24698,1
8464,0
13546,0
10208,0
3297,0
7800,0
26301,1
28986,0
27235,0
5055,0
18980,0
25027,0
26245,0
4945,0
16410,0
25559,0
15295,0
21650,0
24959,0
23690,0
22946,0
12129,1
2316,0
3775,0
25036,1
10459,0
9895,0
28948,0
12818,0
17377,0
3956,0
23617,0
7201,0
26981,0
13397,0
13084,1
18379,0
19105,1
4097,0
17092,0
7547,0
6112,1
5956,0
23417,0
3643,0
5975,0
2785,1
18604,0
24345,0
12280,0
7635,0
10478,0
8468,1
19710,0
44,0
2604,0
275,1
6965,0
16491,1
15942,0
18581,0
10666,0
11840,0
24352,1
24519,0
20566,0
8862,0
10274,0
19633,0
27565,1
164,0
8945,1
4950,0
22341,0
12956,1
22446,0
22581,0
13138,0
12498,1
10336,0
9531,0
26415,0
29243,1
26519,0
410,0
11000,0
5502,1
859,0
7666,0
8801,1
26780,0
21902,0
9168,1
14632,0
939,1
14724,0
4880,1
28830,0
6493,1
1721,0
15461,0
22107,0
20195,0
7730,0
4081,0
3269,0
18013,1
23608,1
21626,0
18944,0
1615,0
26528,0
1577,0
4008,0
22723,0
28001,1
682,0
15759,1
7321,0
8505,0
19983,1
21550,0
11632,0
16762,0
8219,0
19713,0
7775,1
27520,0
16395,0
15811,1
28669,0
15382,0
28652,0
11595,0
7619,0
27300,0
23754,0
24105,0
6367,1
4143,0
6787,0
14175,1
18551,1
19621,0
25034,1
18696,1
7644,0
27417,1
10174,0
27519,0
7813,0
14780,1
10002,0
8619,0
22641,1
25514,0
1896,0
19663,0
15864,0
21487,0
15800,0
21034,1
13229,0
4594,0
9805,0
503,0
21029,0
16602,0
27124,0
27557,1
16421,0
26841,0
5639,0
27370,0
25342,0
3292,1
28137,0
21322,1
26957,0
27328,0
479,0
8263,1
2121,0
17724,0
13215,0
20979,0
1593,0
14287,0
12778,0
4106,0
21905,0
19769,0
13683,0
9662,1
1817,0
16132,0
12316,0
10504,0
18646,0
26985,0
11837,0
24931,0
12419,0
29492,1
17552,0
23264,1
18614,0
14134,0
29626,0
4005,0
18028,0
28850,0
15349,0
24244,0
1242,0
14384,0
16675,0
13890,0
20661,1
10406,1
15343,0
29488,0
9957,0
15871,0
23465,1
12243,0
14705,0
22796,1
10894,0
6070,0
15445,0
29298,0
26814,1
13917,1
24060,0
7334,0
16312,0
10300,0
21193,0
22228,0
12135,0
21084,0
16875,0
2626,0
26904,0
28329,0
16997,0
28973,0
29557,1
6134,0
19122,0
22670,0
23017,0
21004,1
11380,0
16705,0
11775,0
9056,0
8202,0
5422,0
4916,0
23279,0
9074,0
3710,1
7785,1
8835,0
15807,0
25845,1
23866,1
24147,0
20212,0
25833,0
6629,0
2963,1
11004,0
27654,1
12151,0
5408,0
5292,0
23165,1
23311,1
19035,0
6323,0
20340,1
16380,1
1239,1
13493,0
1336,0
103,0
28943,0
4180,0
19041,0
17112,0
21333,0
10414,0
14035,1
7674,0
15657,0
9843,1
28133,0
24581,1
7691,0
23039,0
2992,1
10706,0
27260,1
3274,0
18578,0
29828,1
23619,1
6381,0
2959,0
7044,0
5348,0
25350,0
14370,0
13473,0
3522,0
15914,1
8386,0
11876,0
2329,0
28352,0
10032,0
14493,0
28260,0
15992,0
22744,0
7645,0
9463,1
13886,0
23104,1
5969,0
21472,0
12776,0
24642,0
7228,1
8078,0
909,0
381,0
26368,1
22191,0
27355,1
7679,0
21813,0
1765,0
2751,0
14144,1
27768,0
28996,1
3415,0
9322,0
10147,1
5903,0
1974,0
28218,0
25031,0
14990,0
27424,0
1662,1
23958,0
16359,0
5907,0
25690,0
7181,0
27483,0
7336,0
802,1
15388,0
11223,0
586,0
14725,0
10597,1
28821,0
18406,0
28810,0
20643,0
15472,1
22814,0
3897,0
733,0
20312,0
20925,0
1314,0
19275,0
27660,1
29086,0
17641,1
1815,0
29988,0
27987,0
1757,0
5235,0
11028,0
4550,0
17968,0
16971,1
29109,1
7093,1
19526,0
21122,0
11602,1
15217,0
4901,1
7870,0
22464,0
5768,0
23362,1
13486,0
17235,1
17274,0
17855,0
3508,0
4189,1
2115,1
21881,0
18125,0
28136,0
8266,1
12697,0
28636,1
18434,0
5620,0
3649,0
21110,1
9458,1
9995,1
9824,1
29887,0
22697,0
29871,1
10485,1
15373,0
16205,0
14239,0
2947,0
23972,0
25650,0
20490,0
10178,0
19752,0
12232,0
124,1
26832,0
15848,0
24045,0
15104,0
14120,0
9121,0
10711,1
4186,0
15821,0
28738,0
16002,0
17742,1
10348,1
26429,0
23168,0
13642,0
19046,0
4276,1
8020,1
9363,0
27771,0
21636,1
15032,0
12581,0
6993,0
1601,0
18623,1
10473,0
19177,0
15629,0
14971,0
4155,0
8099,0
4971,0
1684,0
22254,1
20792,0
14805,1
19766,0
8307,0
12916,0
17713,1
26381,0
25131,0
4246,0
24291,0
2857,0
17902,0
22643,0
21298,0
7284,1
20050,0
24654,0
6040,0
22885,1
24122,0
19591,0
2383,0
17018,1
18336,1
26676,0
29567,0
21768,0
7726,0
14296,0
28277,1
5309,0
13020,0
7580,1
3650,0
8317,0
12269,1
1237,1
23085,0
2144,1
13341,1
7281,0
6501,1
4109,0
7445,0
27748,1
29689,0
18883,0
18919,1
23116,0
11627,0
23241,0
9081,1
14568,0
14619,0
3816,1
4556,1
25263,1
7997,0
1948,0
19467,0
10972,0
11993,0
6144,0
1025,0
2147,0
23324,0
12719,1
11916,0
24855,0
15017,0
26549,0
19918,0
20631,0
23530,1
8983,0
24826,0
25398,0
1105,1
14728,1
7736,0
23397,0
9061,0
16640,1
5085,1
14311,0
6859,0
26136,0
6454,0
12357,0
18908,0
403,1
13434,0
11340,0
26367,0
2135,1
23706,0
20541,0
28244,0
28028,0
21071,0
13335,0
26778,1
20817,0
6062,0
3171,1
22685,0
10844,0
12252,0
19802,1
14491,0
11133,0
4946,1
18695,1
15481,1
17041,0
27049,0
8521,1
27339,0
8570,0
28603,0
29523,0
13254,1
63,1
17019,0
16826,1
3666,0
4363,0
19927,1
15962,0
7446,0
20807,1
25144,1
679,0
4891,0
28414,0
24182,0
10920,0
8201,0
822,1
28841,1
11082,0
3756,0
1923,1
29053,1
24731,0
16817,0
22054,0
16098,1
12107,0
1043,0
11489,0
7470,0
24907,0
9768,0
8358,0
13583,0
416,0
23158,0
17557,0
2380,0
29552,0
23809,0
16534,0
27689,1
17359,1
7922,1
23278,0
15321,1
29757,0
27672,0
1503,0
29118,0
8189,0
17844,0
21895,0
6470,0
22974,1
18593,0
11693,0
4159,0
6834,1
29252,0
19564,1
3828,0
19574,0
17661,0
12217,1
8247,1
9376,1
1672,0
7687,0
21,0
27191,0
3752,0
18217,1
26743,0
5430,0
24659,0
10727,0
4124,0
18517,0
18891,1
18753,0
15856,1
21146,0
6574,0
16425,0
28214,0
25614,0
406,0
25673,0
20600,0
10023,0
14357,0
18508,1
7768,0
18569,0
7360,0
407,0
20709,0
1846,1
10640,0
19884,0
15565,0
18216,0
27643,0
15063,1
3442,0
28512,0
3715,0
1349,0
13937,0
20439,0
22485,0
17918,0
2476,0
13778,0
5184,0
29007,0
8124,0
13632,0
7094,0
10389,1
10731,0
14096,0
10880,0
22708,0
21201,0
6260,0
24243,0
22773,1
27138,0
4446,0
302,0
8788,0
21985,0
6548,0
14952,0
29306,0
18358,0
7237,0
24224,0
29817,0
7549,0
18893,1
17450,0
21551,0
23367,0
19875,0
4034,0
28258,0
6504,0
3384,1
6578,0
25920,0
8079,0
12954,0
1219,0
19021,0
21596,0
21988,0
25421,1
22963,0
6923,0
14925,0
16901,0
3944,0
11821,0
22550,0
5297,0
24580,0
9245,0
9714,0
19075,0
3091,0
91,1
321,1
26163,0
1085,0
25000,1
29258,1
7138,1
29143,0
498,0
11297,1
22231,0
6913,0
14312,1
29295,0
26047,0
18155,0
27810,0
6173,0
21848,1
4391,1
4177,0
11139,0
28545,0
25632,0
7746,0
9798,0
4552,0
3958,0
27755,1
12704,1
12533,0
18690,0
25370,0
27499,1
866,0
23355,0
17476,0
4321,1
12639,1
8832,1
15538,0
2597,0
703,1
11683,0
6111,0
6204,0
13309,0
6550,0
19871,0
11013,0
1234,0
3844,0
14808,0
14986,0
1031,0
24257,0
14266,0
13572,0
2527,0
5346,0
26064,0
21365,0
24640,0
6525,0
5158,1
554,0
6665,0
26150,0
765,0
15450,0
25652,0
12815,0
18499,0
5495,0
5204,0
14784,1
19786,0
14883,0
5429,0
2047,0
11318,0
29232,0
6529,1
19096,0
3915,0
1155,0
3333,1
2442,1
10545,0
18416,0
2197,0
20268,0
16551,0
7393,0
18230,1
17102,1
4538,0
954,0
12380,0
25376,0
17431,0
21591,0
11436,1
653,0
8145,0
1890,1
19696,0
18132,0
7187,0
20164,1
1713,1
28643,0
22891,0
11137,0
8447,1
24247,0
5387,1
1352,1
21249,0
23998,0
17267,0
11333,0
21407,1
1683,0
11945,0
14611,0
1232,0
26991,0
12105,0
18308,0
23971,0
21440,1
23157,1
13739,0
20339,0
734,0
24259,0
17927,1
4698,1
4372,0
27977,0
8483,0
24994,0
18098,1
23953,1
13690,1
17492,0
17357,0
27630,0
9066,0
17226,0
2283,0
27016,0
26406,0
5207,0
1042,1
4396,0
8308,1
13854,0
28422,0
4612,0
29936,1
28071,0
17282,1
18347,0
10440,1
4939,0
12283,0
19304,0
5700,0
908,0
3131,0
11491,0
11222,0
24185,0
24082,0
12385,1
7410,0
4736,0
1621,0
29744,0
10855,0
22187,0
6163,0
28190,0
2103,1
29073,0
16060,1
7847,1
14396,0
23510,0
28801,1
27545,0
17351,0
532,0
4819,0
13765,1
4108,1
12076,0
17914,0
3758,1
17565,0
18315,0
9938,0
4662,0
16428,0
15023,0
18824,1
26417,0
16080,0
5288,0
24385,0
354,0
29836,0
23119,1
2571,0
15191,0
2572,0
5199,0
5544,0
8695,0
5612,0
27870,0
20625,0
9813,0
20587,0
11810,0
27715,0
15732,0
7586,0
9200,0
15435,0
15491,1
13669,0
13997,0
18351,1
5944,0
18645,0
1738,0
15029,0
2131,1
23107,0
17178,0
16280,0
29144,0
26387,0
19970,0
10411,1
25023,1
11174,0
19012,1
20973,0
5490,0
1428,0
5003,0
24409,0
16013,0
8722,0
23120,0
26061,0
28664,1
15374,0
19767,0
27535,0
11844,0
29628,0
1778,1
26821,0
18083,0
10268,0
1526,0
25669,1
20558,0
11439,0
5151,1
9758,0
14993,0
8200,0
7898,1
652,0
6651,0
9068,0
8767,0
8650,1
21148,1
23352,0
13388,1
28367,1
4881,0
26049,0
1912,0
29459,0
2087,1
1405,0
2017,1
11085,0
10519,0
12734,0
3515,0
27087,0
13197,1
13363,0
12287,0
23575,0
13129,0
23928,0
7695,0
16768,1
10751,1
8295,1
14252,1
4784,0
22391,0
8064,0
1954,1
13301,1
3360,0
14510,0
935,0
19396,0
17560,0
21790,1
14423,0
1148,0
18212,0
13637,1
7581,0
8977,0
13467,0
22511,0
20789,1
8176,1
12336,0
18382,1
591,0
10899,0
22679,0
3161,0
25724,0
24196,0
947,0
27151,0
6329,0
3307,0
232,1
23330,0
25926,0
5112,1
15673,1
3610,0
8732,0
20193,0
1781,0
16381,1
23521,0
25940,0
14576,0
14343,0
2401,0
24349,0
1783,0
16855,0
19978,0
7689,1
15556,1
12823,0
7571,0
19384,0
1705,0
6448,0
26626,0
9599,0
10106,0
1496,0
27065,0
25875,1
16231,0
23979,0
12027,1
24075,0
1443,1
5453,1
16867,0
9600,0
4374,0
2957,1
1480,0
24968,0
4037,1
27455,0
24354,0
7889,0
25240,0
7850,0
27487,1
17933,0
27248,0
965,0
6428,0
16182,1
23678,0
5841,0
10075,0
12186,0
22631,0
24777,0
12510,0
18587,0
11135,0
19712,1
16938,1
27036,0
12839,0
4451,0
25749,0
28902,0
20737,0
13727,0
23274,0
21260,0
13067,0
26314,1
20477,0
4686,0
783,1
16561,0
12106,0
20551,0
7923,1
24591,1
29317,0
16592,0
25923,0
28897,0
18327,1
4830,0
12219,0
25479,0
2175,0
21476,0
11268,0
15022,0
26085,0
12145,0
7492,0
29543,0
14935,0
22800,0
17651,1
11747,0
4163,1
17953,0
1775,0
12641,0
6587,0
15442,1
5995,0
3343,0
11827,0
12015,0
14503,0
5325,0
4580,1
26970,0
7729,0
28320,0
14931,0
5674,0
13117,0
18577,0
28431,0
7712,0
7752,0
27528,1
24760,1
18716,0
11957,0
16135,1
23882,0
15797,0
4774,0
2647,1
19515,0
24061,0
5175,0
21691,0
6126,0
5609,0
16930,0
15453,0
6967,0
18227,0
24290,0
27633,0
20152,1
20294,1
3308,0
13944,1
11311,0
5893,1
12611,0
28363,0
23051,0
12732,1
14416,0
26515,0
25630,1
29669,1
16696,0
29374,0
2742,0
28339,0
28368,0
27488,0
15927,0
9269,0
14163,0
19245,0
9952,1
4388,1
21664,0
13321,0
9287,1
1035,0
28761,0
10841,0
27515,0
3686,0
23514,0
25183,1
24962,0
5982,0
4335,0
9346,0
24844,0
28437,0
8102,0
12053,0
26831,1
29357,1
19755,0
11212,1
6320,0
34,0
6704,0
17805,0
3884,0
21558,0
12896,0
13303,0
14904,0
18557,0
13285,0
28388,0
27131,0
27646,0
5699,0
2475,0
12118,0
3541,1
21620,0
1113,0
17474,1
24405,0
23489,0
7893,0
6444,0
15164,0
1806,0
22476,0
10701,0
26675,0
16962,1
26176,0
19426,0
16067,1
494,0
15768,0
10231,0
22409,0
28209,0
8938,1
19331,0
2970,0
27479,0
15077,1
29378,0
6321,1
14006,0
19741,0
22380,0
24899,0
16912,0
15929,0
7629,1
20355,0
24028,0
20847,0
25185,0
19992,0
15606,0
11777,0
10674,0
28538,0
18755,0
15909,0
28503,0
14081,0
26941,0
9184,0
25745,0
696,0
11520,1
3143,0
21706,0
14383,0
19372,0
15097,0
19757,0
1739,1
4923,0
21437,0
9664,0
19879,0
8047,0
18496,0
20850,0
314,1
22355,0
25602,0
648,0
5458,1
24176,0
10672,0
20746,0
17960,1
22794,0
28212,0
15147,1
571,0
27037,0
22243,0
25436,1
135,0
2483,1
13111,1
860,0
24141,0
1652,0
24481,0
18700,0
12031,1
23982,0
1236,1
25177,0
25216,1
10806,0
23159,0
19560,0
27001,0
27353,0
11120,0
1660,0
11812,0
17829,0
5333,0
1226,1
26256,0
12309,0
10743,0
29003,1
5935,0
24343,1
27503,0
3399,0
21190,0
8961,0
19437,0
8637,0
16091,0
29361,1
23568,0
26145,0
20922,0
845,0
6079,1
6691,0
8845,0
13940,0
26112,0
13295,0
21363,0
10347,0
6099,1
24820,0
27157,1
15083,0
25905,1
11269,0
8256,0
28511,0
4650,0
8510,0
27655,1
19014,1
24321,0
18781,0
10534,0
14750,0
9041,1
9681,0
26436,0
676,1
26717,0
16706,0
16814,1
25847,0
26461,0
14495,0
11008,0
21492,0
9091,0
7904,0
17,1
3546,0
11440,0
29690,0
17362,0
10600,0
7882,0
27305,0
7946,1
459,0
28191,0
27119,0
11722,0
19778,0
6590,0
14368,1
25420,0
19127,1
70,0
9138,0
27041,0
13024,0
17976,0
17141,1
17602,0
4667,0
6630,1
15476,1
23793,0
10186,1
23447,1
8593,0
2036,0
4775,1
30,0
20719,0
21883,0
19829,0
5300,0
15503,0
27782,0
27293,0
18095,1
11164,0
26270,0
25143,0
11014,0
16686,0
5844,0
7312,0
26902,0
11830,1
7584,0
15348,0
7916,0
24468,0
29954,0
10166,0
10851,1
5250,0
28662,0
25796,0
19687,1
100,1
14972,1
6811,0
15418,0
25548,0
3174,0
29555,1
16412,0
14150,0
22714,0
8372,0
11038,1
13317,0
9003,1
21282,0
9735,0
2260,0
4111,0
7538,0
23881,0
15149,1
1350,1
18906,0
5569,0
17171,0
9820,0
1927,0
3201,1
16651,0
11899,0
19859,0
24841,0
8903,0
22455,0
21448,0
11528,0
16552,0
3839,0
7819,0
10547,1
23977,0
6290,0
26959,0
15774,0
26501,1
18055,0
23250,0
8753,1
3861,0
2967,0
26365,0
10603,0
8932,0
9924,0
17217,0
17695,0
22525,0
21415,0
11639,0
5657,0
27965,0
9196,1
12184,0
6781,0
7133,1
12442,0
24786,0
6884,0
22835,0
3798,0
27103,0
25303,0
18896,0
1131,1
8205,0
20124,0
14070,0
1756,0
12658,0
3372,0
20675,0
20857,0
26620,1
23892,0
23641,0
3733,0
18685,0
24403,0
14198,0
21669,0
28837,0
3983,0
25401,1
22034,0
25070,1
14600,0
9741,0
921,0
22090,0
4084,0
25689,0
26433,0
1830,0
16138,1
7826,0
22593,0
2276,0
7191,0
21283,0
24824,0
20605,0
5096,0
812,0
22790,1
12452,1
24153,0
26474,0
1565,1
2797,0
10719,0
12197,1
2116,0
16743,0
6294,0
11199,0
24039,1
26896,0
2025,0
12257,0
2883,0
2392,0
11981,1
167,0
25876,0
7956,0
5899,0
1353,0
28103,1
27323,0
20086,0
3231,1
19812,0
28601,0
7,0
15737,0
21957,0
4780,0
16576,0
7739,1
25855,0
10291,0
15874,0
21274,1
22782,0
29738,1
3362,0
13135,1
21639,0
10686,0
23008,0
13227,0
21554,0
9177,0
16074,0
18712,0
9073,0
7447,0
3408,0
11517,1
15156,1
10471,0
4407,0
24074,0
27462,0
21293,1
29923,0
18996,0
22268,0
23434,0
5314,0
27104,0
22841,0
17504,0
27216,0
23483,1
26881,0
3771,0
18390,0
1361,0
4690,0
14424,0
8618,0
29255,1
22,1
2077,0
3437,0
7055,0
25501,0
951,1
14405,0
12298,1
21335,0
26285,1
27559,0
9884,0
23437,0
4502,1
24823,0
25863,0
25528,0
17045,0
7625,0
29223,0
29724,1
8532,0
24910,0
25103,1
3400,1
2676,0
19902,0
99,0
2085,0
6285,0
25583,0
5667,0
7616,0
16212,0
13015,0
18912,0
12714,0
29723,0
18172,0
21241,0
14824,0
29666,0
9384,0
10162,0
13269,0
15641,0
12333,0
15876,1
15987,0
29975,1
16644,0
13638,0
28635,0
14833,1
20041,0
23737,1
9605,1
22956,0
29203,1
22576,0
27495,0
3488,0
24661,0
7161,0
6954,0
22249,0
8157,0
26473,1
8207,0
27230,0
11727,0
17390,0
1168,0
6927,1
25111,0
14160,1
505,0
16043,0
3434,0
20663,0
1230,0
23900,1
26420,0
18063,1
929,0
18159,1
19490,1
21933,0
13107,0
3125,0
17971,0
8654,0
7699,0
23044,1
26819,1
843,0
26692,0
4728,1
2795,1
11731,0
825,1
28007,0
6123,1
2634,1
19872,0
4476,0
16795,0
20721,0
9167,1
10882,0
626,0
29462,0
24293,0
22172,0
21396,0
7000,1
13652,0
26466,1
23498,0
5933,0
18133,0
8704,0
9865,0
4220,0
7386,0
18997,0
12551,1
8736,0
19703,0
22149,0
22695,0
27739,0
27864,0
25203,0
20673,1
22980,0
18913,0
8339,1
3603,0
15958,1
13827,0
20920,1
5057,1
29035,0
9701,0
20432,0
10909,0
10537,0
14886,0
1135,0
10110,0
28857,0
23030,0
1792,0
4872,0
3852,1
17857,0
21435,0
6835,0
11335,1
12791,0
431,0
27211,0
26205,0
23507,1
4979,0
24720,0
9942,0
5925,1
24046,0
550,0
2536,0
21369,0
21823,0
16714,1
8870,1
1277,0
7554,0
22886,0
29399,0
6348,0
3279,0
13118,0
12404,1
744,0
28155,0
511,0
1796,0
21796,0
995,1
10136,1
16447,1
24220,0
14979,1
7724,0
16580,0
22092,0
11620,0
29735,1
28008,0
28216,0
7163,0
27674,1
7082,1
18839,0
6977,0
10810,0
17414,1
18797,0
20553,0
101,0
8148,1
9734,0
21109,1
855,0
650,0
27905,0
10245,0
27394,1
21328,0
17654,1
17498,0
15970,1
26688,0
24767,0
24371,1
10842,1
22998,0
7600,0
25525,0
6845,0
16754,1
26167,0
9512,0
8175,1
11820,0
23899,1
5530,0
29128,0
17348,0
16299,0
1447,1
25129,0
29081,1
9173,0
25449,0
3306,0
92,0
8038,0
10145,0
29229,0
9560,1
22538,1
9917,0
4370,0
813,0
21665,0
2014,0
26855,0
1567,0
18830,0
4926,0
18669,1
27444,0
21237,0
25200,0
5565,1
5089,0
1346,0
19415,0
4913,0
13019,0
28509,0
943,0
21063,0
21033,0
21898,0
17354,0
12225,1
8460,1
2379,1
7991,0
1862,1
27295,0
25202,1
24839,0
9236,0
29933,1
28675,0
24694,0
12898,1
23883,0
17426,0
25158,0
22979,1
12624,0
21047,1
20384,0
27597,0
7981,0
27168,1
17219,0
2018,1
26719,0
1499,0
23412,0
1642,0
17122,1
28777,0
3331,0
29607,1
1012,0
16719,0
15006,0
13996,0
474,0
13610,0
18595,0
22992,0
18319,0
7582,0
27420,1
1628,1
23756,0
8245,0
15921,0
9518,1
14962,0
7356,0
20464,1
7338,1
19394,0
25337,0
28047,0
6327,0
11653,0
4056,0
8975,1
7387,1
7235,0
28832,0
23270,0
11832,0
4907,0
25077,0
26925,0
22616,0
5412,0
19157,0
29694,0
14585,0
2721,0
2782,0
29260,0
7260,0
2635,1
8459,0
29337,0
1532,0
6851,0
19448,0
4705,1
23042,0
27784,0
29875,1
17149,0
23645,0
19497,0
19688,0
10981,0
4702,0
12433,0
3583,0
24684,0
3973,0
4590,0
2408,1
20945,0
2307,0
29238,0
692,0
24687,0
27091,0
426,0
17617,0
7369,1
3714,0
21214,0
22112,1
28305,0
13230,0
15500,0
14941,0
20416,0
11630,0
21046,0
19787,0
28439,0
28186,1
22285,0
21616,0
24529,0
23074,1
26058,1
18107,0
6970,0
26371,1
12101,0
26982,0
28083,0
9783,0
20682,0
2722,0
14439,0
11231,1
22739,0
20547,0
26625,1
21773,0
2404,1
17607,0
2707,1
12858,0
29822,0
19224,1
24978,0
27851,0
9194,0
19288,0
9100,0
28787,0
3245,0
28294,0
11983,0
27327,0
19286,1
7036,0
15982,0
22216,0
27587,0
4863,1
23743,0
29448,1
2371,0
17183,0
8671,0
28889,0
22748,0
6675,0
26324,0
4763,1
24280,0
26634,1
8506,0
5153,0
1570,1
28833,0
2921,0
10773,0
29108,0
2421,0
20307,1
11229,0
15613,0
11043,0
24142,0
23511,0
29329,0
654,1
28544,0
23513,0
10391,1
10175,0
4101,1
25322,0
4817,0
28193,0
22347,0
9285,0
24010,0
17525,1
6252,1
26824,0
25933,0
4992,0
22590,0
13612,0
12594,1
4136,1
24111,0
16260,1
19975,0
11500,0
3562,1
26279,1
14283,0
14293,1
18858,0
4511,0
18770,0
23509,0
22468,0
11848,0
29882,0
29393,0
24296,0
19243,0
29995,1
18285,0
6164,1
23050,1
28353,0
9020,1
3995,0
13829,0
28784,0
9122,0
21583,1
6429,1
6200,0
13984,0
16478,1
3341,0
19919,0
4968,1
19190,1
14206,0
12850,0
16406,1
5902,0
17025,0
24525,1
8625,0
9103,1
13976,0
12377,0
29514,0
20131,0
24913,1
9132,1
12511,0
5570,0
16427,0
14864,0
24616,0
26354,0
12216,0
13814,0
13658,0
12108,1
18709,0
19952,0
26709,0
4260,1
949,0
26996,0
14294,1
21058,1
21987,0
20255,1
1430,0
752,0
13160,1
22823,0
1745,0
24515,0
4878,0
5209,0
22332,0
12069,1
18783,0
12499,0
20776,0
21721,0
21218,1
23239,0
25755,0
20249,1
16634,1
25019,0
20023,0
14994,0
21261,0
9773,0
12036,0
5202,0
22282,0
1786,1
15544,0
16741,1
25779,0
15294,0
12709,0
4118,0
4187,0
7880,0
23806,0
21104,0
15591,0
7362,0
14947,0
25051,1
260,1
12720,0
17763,0
2029,1
13541,0
18481,0
20232,0
2452,0
11609,0
8091,1
24450,0
26751,0
10617,0
19746,0
18854,0
18956,1
19499,1
13322,0
341,0
27988,1
10168,1
15596,0
19141,0
2355,0
15009,1
7649,0
6508,0
7316,0
19156,0
8942,0
7760,0
10036,0
11245,0
18895,0
25683,0
6894,1
23315,0
3024,1
15694,0
12131,0
26329,0
7558,1
28782,0
26685,0
5884,1
26591,0
3112,0
3543,0
4239,0
21661,0
2825,1
25066,0
23704,0
18223,0
19556,0
4127,0
28614,0
20822,0
811,0
19215,0
7541,0
22377,0
29207,0
6420,0
25893,0
16687,1
5529,0
19479,0
15419,0
17526,1
11786,0
7827,0
27025,0
22653,0
17034,1
6742,0
10890,0
8444,0
21418,0
16040,1
12200,0
2093,0
4884,1
8231,1
25917,0
10616,0
22184,0
5375,0
3526,0
11123,0
19226,0
11968,0
6932,0
6516,1
29881,1
9366,0
5727,1
25443,1
24012,1
12341,0
8310,0
21252,0
6238,1
808,1
7929,1
5451,0
12867,0
23964,1
1654,1
18043,0
27144,0
13968,0
15908,0
9199,0
24306,0
2301,0
25809,0
25550,0
6268,0
23552,0
9012,1
11903,0
27266,0
27449,1
10252,1
17594,0
7477,1
12800,0
19868,0
23787,1
15351,1
7612,0
7824,0
19629,0
5927,0
28839,0
26312,0
22531,0
15532,1
28781,0
24989,1
26430,0
19037,0
15878,1
7263,0
13375,0
22934,0
5350,1
25730,0
14309,0
24427,0
29021,0
5423,1
18542,0
28473,0
15845,0
318,0
2952,0
19458,0
23713,0
14230,0
22322,0
20718,0
16769,0
23857,1
25840,1
10786,0
327,1
23831,0
11802,0
693,1
19476,0
8167,0
582,0
27791,1
24331,1
7828,0
5431,0
9035,0
8366,0
11732,0
10659,0
1501,0
24512,0
11127,1
18252,0
28076,0
11843,0
16760,0
28468,0
2670,1
16010,0
23292,1
3621,0
27779,0
10812,0
16110,0
7902,1
18630,0
13430,0
968,0
17317,1
7611,0
12783,0
23736,0
28132,0
24757,0
7688,0
1393,0
3315,0
10069,0
18056,0
24233,1
11833,0
17517,1
9649,0
14601,0
10720,0
12803,1
25091,0
23788,0
27640,0
15770,0
24783,0
2865,0
24206,0
10387,0
3077,1
18412,0
29979,0
18430,1
11403,0
24972,0
148,0
17435,0
16210,1
7560,0
1259,0
22023,0
322,0
21762,0
2868,0
26189,1
8608,0
7479,0
6856,0
5773,0
6184,1
19455,0
1681,1
15090,0
13316,1
26922,1
28219,0
6299,0
12677,1
26102,0
26166,0
1488,0
26987,0
24719,0
15446,0
18525,0
15227,1
26409,1
6213,0
7569,1
5494,0
20295,0
16976,0
9574,0
24812,0
10188,0
20183,0
21572,0
23848,0
14067,0
17668,1
14029,0
22477,0
10472,0
3260,0
5725,1
20406,0
8627,0
3817,1
9878,0
21996,0
4190,0
10914,0
11608,0
27637,0
4069,1
2171,0
4137,0
10089,1
8621,0
28570,0
563,0
1008,0
3448,1
23420,0
384,1
18488,0
9096,1
29795,0
25622,0
27181,0
6191,0
15262,0
6397,0
15036,1
2984,0
20455,0
9197,1
8797,1
25857,0
14772,0
7160,0
21697,0
28573,0
15827,1
19460,0
2694,0
11385,0
20456,0
11715,0
2801,0
10852,0
10282,0
29245,0
17338,0
4756,0
5542,0
23369,0
24353,0
8340,0
14457,0
3140,0
3423,0
13553,1
3127,0
3046,0
8404,0
10001,0
11151,0
13211,0
7817,0
29696,0
1883,0
27139,0
9529,0
16096,0
2163,0
1410,0
11950,0
10665,0
7060,0
805,0
11720,1
4456,0
27226,0
23469,1
4574,0
10249,0
11650,1
17148,0
22642,0
7909,0
12866,0
11064,1
10708,1
8227,0
19413,0
23151,0
12449,0
27579,0
4573,1
11055,0
16214,0
20478,0
3136,0
1342,0
13366,0
28445,0
7471,0
13472,0
13717,0
29722,0
5196,0
6437,0
15380,0
22920,0
25079,0
4930,0
2042,0
22988,0
16682,0
23443,0
15674,0
414,1
8912,0
19402,0
12236,1
22258,1
4518,1
7894,0
12311,0
15842,0
8728,1
14848,0
16923,1
18127,0
22381,0
24579,0
25960,0
25526,0
29132,0
22080,0
17580,0
29225,0
27083,1
10730,1
1454,0
2210,0
28965,0
25171,0
7428,1
19657,0
9873,0
23001,1
13103,1
28041,0
29957,0
7821,0
14918,0
4899,1
24457,0
16883,0
26229,0
25465,0
27326,0
16474,0
3536,1
7056,1
8873,0
19617,1
25611,0
20221,1
17934,0
24947,0
10580,0
1092,0
5983,1
6314,0
14155,0
5343,0
28904,0
16801,0
1203,0
17326,0
6879,0
23402,1
14556,0
19998,0
8566,0
20132,0
5049,1
13408,0
25555,0
661,0
29733,0
22686,0
23941,0
23621,0
22629,0
952,0
24522,0
27859,1
25736,0
6895,1
19747,0
9799,1
6189,0
3003,1
12768,1
24006,0
26017,0
1062,0
12021,0
29977,1
20886,1
5239,0
5823,0
10283,0
17199,0
24678,1
23097,0
15913,0
29712,0
23518,0
25439,0
14425,0
8136,0
23436,0
1465,0
17539,0
1149,0
23878,0
12337,0
2249,1
11450,0
6595,0
19150,1
26573,0
7197,0
17917,1
12072,0
21726,0
13208,0
10717,0
27015,0
308,0
10584,0
764,0
25551,0
7376,0
24558,0
10721,0
20560,1
22609,0
20338,1
11089,0
26116,0
19347,1
19602,0
28249,0
21278,0
20988,0
14701,0
26934,0
24319,0
2729,0
27213,0
1096,0
12418,0
9713,0
11988,1
12480,0
3170,0
21641,0
25709,0
10025,1
27456,0
19323,0
18720,1
23942,0
20429,1
28075,0
2920,0
5998,0
28481,0
20608,0
573,0
3182,0
7852,0
28758,0
17339,0
28615,0
26072,1
26631,0
4617,0
22406,0
14820,0
29023,0
1998,0
26132,0
7557,0
17157,0
12984,0
915,0
9230,0
6087,0
16336,0
4831,0
7183,1
8333,0
25697,0
28721,0
26796,0
22865,0
29005,0
23308,1
25702,0
28131,0
11463,1
17574,0
22338,0
20100,1
9931,0
15111,0
6739,1
19146,1
12429,0
2123,0
12751,1
15816,0
9709,0
8940,0
22859,1
6707,0
997,0
28756,0
15331,0
13377,0
5877,0
15492,0
15749,0
29100,0
27873,0
21840,0
17567,0
12486,0
2918,0
13202,0
14302,0
25866,0
11525,0
6770,0
4089,0
9880,0
14733,0
10420,0
3044,1
22300,1
17817,0
1809,0
3846,0
17374,0
15514,1
24246,0
8087,0
8269,1
13685,0
16939,0
22594,0
2690,0
28631,0
14141,0
13981,0
8302,0
5885,1
19070,1
17114,0
24726,0
16704,0
1819,0
22896,0
14546,0
26491,0
2072,0
23758,1
16693,0
22991,0
29526,0
21286,0
24883,0
785,1
23499,0
12384,0
19904,0
14034,0
20812,0
11822,0
8373,0
12488,0
16642,0
20362,1
5586,0
5077,0
11893,0
1129,0
27203,0
21830,0
24498,1
29576,1
29645,0
8159,0
15244,0
6991,0
21744,0
29578,1
12438,0
7711,0
519,0
26828,0
16926,1
3563,1
27821,0
28241,0
15564,1
28945,0
7083,1
64,1
21829,0
17830,0
20897,0
1441,0
8587,0
23472,0
12788,0
2079,0
8591,0
26852,0
23786,0
788,0
9432,0
21951,1
24821,0
2616,0
4791,1
26391,1
4174,0
11198,0
24279,1
14432,0
18822,1
6358,1
4256,0
28949,0
26649,1
9804,0
25636,0
4904,0
24520,0
6799,0
15817,0
1154,0
25052,0
25734,0
27477,0
502,0
22213,1
29084,0
14235,0
8708,1
18665,0
22368,0
24506,0
14438,1
23573,0
12265,0
24540,0
26552,1
9585,1
21745,0
335,0
10756,0
17393,0
16723,1
13395,0
6751,1
7562,0
10509,0
2339,0
11453,1
14406,0
18163,0
2860,0
29299,0
20276,1
15789,1
1126,0
9980,1
5671,0
25554,0
26345,0
22425,0
28911,1
16593,1
9024,1
165,0
16370,0
3551,1
8185,0
27314,0
21502,0
15329,0
16862,0
5216,0
17109,0
29963,0
7449,0
9862,0
8377,0
22683,0
8750,0
990,0
10742,1
17051,1
17028,1
29935,0
27691,0
23640,0
26683,0
1427,0
13812,0
304,1
28142,0
4731,0
20855,1
21680,0
3645,0
12856,0
26939,1
6325,0
28878,0
17239,0
237,0
12840,0
18848,0
10379,0
8116,0
16785,1
7079,0
8659,0
13889,0
29060,0
19958,0
4167,0
2776,0
25712,0
7845,0
4424,0
26530,0
5419,0
12742,0
18876,0
13482,0
7838,0
15570,0
28127,1
18470,0
10939,0
8848,0
8679,0
4532,0
20356,0
9252,0
10272,0
8560,0
8204,0
4681,0
27279,1
11074,0
6130,1
23052,0
20440,1
29214,1
21923,0
14497,1
4627,0
26628,1
21518,0
21779,1
5913,1
4826,0
24422,0
8410,0
2585,0
11079,1
21543,0
12532,0
7805,0
21167,1
27832,0
7168,0
5793,0
10352,0
16429,0
9064,0
29699,0
11631,0
3708,0
15002,0
1657,1
29061,0
14377,0
19792,1
15783,0
6438,0
24957,0
25711,0
21553,0
11989,0
7124,0
1463,0
19082,0
23653,1
11275,0
25737,1
26948,1
15665,0
6024,0
28557,0
9296,1
4531,1
15752,1
1159,0
21739,0
24414,0
14875,0
2387,0
7078,0
20201,0
15733,0
3604,0
11354,0
27556,0
7665,0
25731,0
26835,0
12358,0
16636,0
22104,0
10942,0
3006,0
4725,0
21560,0
23915,0
17935,0
25706,0
6610,0
7467,0
9596,0
25759,0
29330,1
22964,0
3486,1
8233,0
10872,0
28460,1
11889,0
14350,1
26736,0
4949,0
21824,0
2652,1
13811,0
2024,0
22194,0
21526,0
25801,0
13330,1
119,0
19363,0
19183,0
27814,0
2453,0
6637,1
22166,0
29530,0
7856,0
6256,1
4427,0
22848,0
27281,0
3613,0
11438,0
8452,0
19067,0
3302,0
2937,0
5146,0
20843,1
5554,0
1857,0
15557,0
10526,0
12928,0
616,0
14126,0
18305,0
1108,0
13773,1
22647,1
3868,0
22392,1
11927,0
29955,0
9275,0
17323,0
7573,0
847,0
4120,0
24848,0
26373,0
19290,0
21075,0
21207,1
7896,0
29415,0
13654,0
10271,0
3732,0
27849,0
4693,0
11710,0
17106,1
22177,1
12644,0
17462,1
288,0
15823,1
22668,0
18428,0
7011,0
1700,0
9507,0
22832,1
5230,0
22349,0
21686,0
14664,0
13009,0
28470,0
6708,0
12853,0
10422,0
15390,0
9631,0
7911,0
28905,0
21607,0
10146,0
12450,0
3207,0
9017,0
21187,0
12999,0
27695,0
992,1
87,1
19317,0
10998,0
16195,0
29582,0
23267,0
16396,0
25672,0
21887,0
2204,0
21906,0
18502,0
17154,1
7486,1
19725,0
26099,0
13101,0
4492,0
9540,0
11942,0
3410,0
10007,0
6593,0
2520,0
21294,0
162,0
1003,0
3293,0
2292,0
507,0
6510,1
1305,0
27403,0
23353,1
18271,0
24221,0
13469,1
24619,0
18975,0
3835,1
6148,0
27899,0
26434,0
5054,0
22176,0
7184,0
5182,0
16162,0
20139,0
22199,0
5000,0
18087,1
2582,0
26203,0
26490,0
15828,0
19433,0
26313,1
17180,1
4965,0
7816,0
469,0
25346,0
26712,0
15639,1
20679,1
18818,0
24635,0
21577,0
18826,1
8018,0
16654,0
17840,0
15888,0
4703,1
21142,0
22661,0
8488,0
3443,1
989,0
12180,0
21144,1
3483,0
14551,0
26826,0
3335,0
7745,0
23454,0
14072,1
23524,0
13796,0
9996,0
13828,0
14172,1
19139,0
12378,0
28642,1
4647,0
9055,1
17945,1
12969,0
16305,1
7194,1
23092,0
19218,0
17429,0
29342,0
605,0
8312,0
26729,1
2511,1
2759,0
11168,0
19423,0
22220,0
23637,0
24132,0
17290,1
26115,0
13799,0
25601,0
18000,1
11228,0
5744,0
4671,1
6576,1
14399,0
13912,0
14046,0
28349,0
5104,0
4192,1
25378,1
10496,1
12756,1
8749,0
2930,0
10630,0
2427,0
27004,0
26988,0
2407,0
20030,0
7308,1
28078,0
24439,0
9561,0
22181,0
15777,0
12980,0
9817,0
10304,0
21007,0
13264,0
7818,0
18819,1
9626,1
24548,0
21426,1
23725,0
6283,0
21112,0
93,0
7121,0
15838,0
18085,0
22402,1
7708,0
23955,0
28630,0
10581,0
8268,0
19913,1
21424,0
16752,0
27922,0
10061,0
1343,1
16508,1
7038,0
2327,0
22066,1
4777,0
26836,0
26397,0
21025,0
11366,0
1522,0
29068,0
22474,0
4249,0
18278,1
2775,0
12767,0
8002,0
2010,0
22012,1
6118,0
19695,0
5666,1
22540,0
11581,0
6580,1
27137,1
13174,0
16279,0
14830,0
996,0
6596,0
2651,1
20253,1
20931,1
12026,0
22586,0
2499,1
5268,0
11423,0
3882,0
10566,0
15387,0
28602,0
17046,1
1145,1
19064,0
26760,1
13089,0
29845,0
343,0
2852,1
2034,0
29088,0
16353,1
28947,1
25714,1
3259,0
14861,0
228,0
6639,0
14463,0
21125,0
27088,0
20088,0
5788,0
29609,1
24737,0
6905,0
25290,0
18059,0
17757,1
4483,0
2325,1
12476,0
18782,0
18519,1
319,0
3597,1
6808,0
18894,0
28068,0
6871,0
5456,1
24339,0
17328,0
28641,0
10631,0
2366,1
11149,0
21932,0
18654,0
27676,0
29335,0
3243,1
21064,0
3764,0
4423,0
3619,1
16272,0
6199,0
458,0
2645,1
8748,0
13864,0
18120,0
13904,0
11755,0
2092,0
7092,1
17684,0
3084,0
23837,0
26901,0
27869,1
7951,0
25834,0
29090,0
9007,1
25962,0
8094,1
20449,0
29201,0
20971,0
1034,0
27884,0
9482,0
1418,0
3013,0
28710,0
17406,0
19605,0
29341,0
11911,0
21444,0
17885,0
19885,0
25154,1
22551,0
25509,0
24836,0
408,0
14247,0
17778,0
1703,1
1095,0
6242,0
20893,0
16858,0
7441,0
15312,0
7101,0
19135,0
7396,0
27626,0
9114,0
10896,1
29429,0
438,0
21549,0
5116,0
28407,0
29259,0
5515,0
13411,0
23357,0
9958,1
27788,0
13233,1
19440,0
12149,0
19681,0
5767,0
2612,0
5121,0
2535,0
20582,0
17049,1
27836,0
27925,0
9822,0
12318,0
4771,0
23314,0
8066,0
19651,0
23572,0
21114,0
15932,0
25336,0
10976,0
21846,1
170,0
20802,0
11005,0
19134,0
24381,0
13538,0
5487,0
2980,0
1507,0
